District,Suburb
Far North,Kerikeri
Far North,Kaeo
Far North,Kaitaia
Far North,Paihia
Far North,Russell
Far North,Kaikohe
Far North,Karikari Peninsula
Far North,Cable Bay
Far North,Mangonui
Far North,Opua
Far North,Ahipara
Far North,Houhora
Far North,Pukenui
Far North,Coopers Beach
Far North,Opononi
Far North,Paihia Surrounds
Far North,Kawakawa
Far North,Whangaroa
Far North,Kerikeri Surrounds
Far North,Rawene
Far North,Taupo Bay
Far North,Totara North
Far North,Kaitaia Surrounds
Far North,Kohukohu
Far North,Moerewa
Far North,Omapere
Far North,Taipa
Far North,Hokianga Surrounds
Far North,Kaingaroa
Far North,Karetu
Far North,Okaihau
Far North,Peria
Far North,Pipiwai
Far North,Taupo Bay/Totara North
Far North,Waiharara
Far North,Awanui
Far North,Haruru
Far North,Herekino
Far North,Hi Hi
Far North,Karikari
Far North,Mangamuka
Far North,Ohaeawai
Far North,Otaua
Far North,Towai
Far North,Waimamaku
Far North,Waimate North
Far North,Whangaroa/Kaeo Surrounds
Far North,Whatuwhiwhi
Kaipara,Mangawhai
Kaipara,Dargaville
Kaipara,Kaiwaka
Kaipara,Mangawhai Heads
Kaipara,Maungaturoto
Kaipara,Paparoa
Kaipara,Dargaville Surrounds
Kaipara,Pahi
Kaipara,Te Kopuru
Kaipara,Tinopai
Kaipara,Topuni
Kaipara,Baylys Beach
Kaipara,Mareretu
Kaipara,Whakapirau
Kaipara,Arapohue
Kaipara,Matakohe
Kaipara,Pouto
Kaipara,Ruawai
Kaipara,Ruawai Surrounds
Whangarei,Waipu
Whangarei,Kamo
Whangarei,Onerahi
Whangarei,Kensington
Whangarei,One Tree Point
Whangarei,Maunu
Whangarei,Raumanga
Whangarei,Ruakaka
Whangarei,Whangarei Heads
Whangarei,Tutukaka
Whangarei,Tikipunga
Whangarei,Maungatapere
Whangarei,Parua Bay
Whangarei,Whau Valley
Whangarei,Avenues
Whangarei,Ngunguru
Whangarei,Poroti
Whangarei,Riverside
Whangarei,Langs Beach
Whangarei,Hikurangi
Whangarei,Hukerenui
Whangarei,Maungakaramea
Whangarei,Oakura Coast
Whangarei,Ruatangata
Whangarei,Whananaki
Whangarei,Morningside
Whangarei,Parahaki
Whangarei,Tutukaka Coast
Whangarei,Whakapara
Whangarei,Whangarei Surrounds
Whangarei,Glenbervie
Whangarei,Matapouri
Whangarei,Tamaterau
Whangarei,Waiotira
Whangarei,Mangapai
Whangarei,McLeod Bay
Whangarei,Otaika
Whangarei,Otangarei
Whangarei,Pataua
Whangarei,Regent
Whangarei,Ruatangata West
Whangarei,Whareora
Whangarei,Woodhill
Whangarei,Bream Bay
Whangarei,Horahora
Whangarei,Kiripaka
Whangarei,Matarau
Whangarei,Oakleigh
Whangarei,Opuawhanga
Whangarei,Purua
Whangarei,Waipu Cove
Whangarei,Whangarei Area
Whangarei,Whangarei Central
Whangarei,Whangarei City Surrounds
Whangarei,Whangaruru
Manukau City,Flat Bush
Manukau City,Papatoetoe
Manukau City,Manurewa
Manukau City,Mangere
Manukau City,Mangere East
Manukau City,Howick
Manukau City,Bucklands Beach
Manukau City,Pakuranga
Manukau City,Manukau
Manukau City,Weymouth
Manukau City,East Tamaki
Manukau City,Whitford
Manukau City,Clover Park
Manukau City,Pakuranga Heights
Manukau City,Beachlands
Manukau City,Clendon Park
Manukau City,Otara
Manukau City,Cockle Bay
Manukau City,Randwick Park
Manukau City,Clevedon
Manukau City,Mangere Bridge
Manukau City,Orere Point
Manukau City,Wattle Downs
Manukau City,Botany Downs
Manukau City,Half Moon Bay
Manukau City,Manurewa East
Manukau City,The Gardens
Manukau City,Dannemora
Manukau City,Favona
Manukau City,Mellons Bay
Manukau City,Maraetai
Manukau City,Goodwood Heights
Manukau City,Farm Cove
Manukau City,Hill Park
Manukau City,Sunnyhills
Manukau City,East Tamaki Heights
Manukau City,Highland Park
Manukau City,Manukau City
Manukau City,Wiri
Manukau City,Alfriston
Manukau City,Northpark
Manukau City,Totara Heights
Manukau City,Eastern Beach
Manukau City,Burswood
Manukau City,Huntington Park
Manukau City,Kawakawa Bay
Manukau City,Shamrock Park
Manukau City,Somerville
Manukau City,Golflands
Manukau City,Mission Heights
Manukau City,Brookby
Manukau City,Shelly Park
Manukau City,Totara Park
Manukau City,Auckland Airport
Manukau City,Manukau Heights
Manukau City,Otahuhu
Franklin,Karaka
Franklin,Pukekohe
Franklin,Waiuku
Franklin,Tuakau
Franklin,Glenbrook
Franklin,Pokeno
Franklin,Clarks Beach
Franklin,Ramarama
Franklin,Awhitu
Franklin,Hunua
Franklin,Bombay
Franklin,Pollok
Franklin,Kingseat
Franklin,Mangatawhiri
Franklin,Onewhero
Franklin,Buckland
Franklin,Kaiaua
Franklin,Patumahoe
Franklin,Puni
Franklin,Glen Murray
Franklin,Mauku
Franklin,Miranda
Franklin,Paerata
Franklin,Waiau Pa
Franklin,Aka Aka
Franklin,Ararimu
Franklin,Orua Bay
Franklin,Port Waikato
Franklin,Pukekawa
Franklin,Runciman
Auckland City,Auckland Central
Auckland City,Mount Wellington
Auckland City,Mount Eden
Auckland City,Mount Roskill
Auckland City,Remuera
Auckland City,Avondale
Auckland City,Epsom
Auckland City,Parnell
Auckland City,Newmarket
Auckland City,Otahuhu
Auckland City,Mount Albert
Auckland City,Orakei
Auckland City,Grey Lynn
Auckland City,Saint Heliers
Auckland City,Onehunga
Auckland City,Sandringham
Auckland City,Blockhouse Bay
Auckland City,Ellerslie
Auckland City,Eden Terrace
Auckland City,Herne Bay
Auckland City,Grafton
Auckland City,Mission Bay
Auckland City,Point Chevalier
Auckland City,Saint Johns
Auckland City,Glen Innes
Auckland City,Freemans Bay
Auckland City,Hillsborough
Auckland City,Kingsland
Auckland City,Glendowie
Auckland City,Ponsonby
Auckland City,Greenlane
Auckland City,Kohimarama
Auckland City,Panmure
Auckland City,Three Kings
Auckland City,Wynyard Quarter
Auckland City,Meadowbank
Auckland City,Saint Marys Bay
Auckland City,New Windsor
Auckland City,One Tree Hill
Auckland City,Stonefields
Auckland City,Royal Oak
Auckland City,Lynfield
Auckland City,Morningside 
Auckland City,Waterview
Auckland City,Westmere
Auckland City,Point England
Auckland City,Waiotaiki Bay
Auckland City,St Heliers
Auckland City,Western Springs
Auckland City,Newton
Auckland City,Penrose
North Shore City,Albany
North Shore City,Takapuna
North Shore City,Browns Bay
North Shore City,Glenfield
North Shore City,Long Bay
North Shore City,Birkenhead
North Shore City,Torbay
North Shore City,Milford
North Shore City,Forrest Hill
North Shore City,Hillcrest
North Shore City,Greenhithe
North Shore City,Mairangi Bay
North Shore City,Beach Haven
North Shore City,Devonport
North Shore City,Sunnynook
North Shore City,Castor Bay
North Shore City,Northcote
North Shore City,Okura
North Shore City,Totara Vale
North Shore City,Belmont
North Shore City,Birkdale
North Shore City,Pinehill
North Shore City,Unsworth Heights
North Shore City,Campbells Bay
North Shore City,Chatswood
North Shore City,Murrays Bay
North Shore City,Northcross
North Shore City,Paremoremo
North Shore City,Bayswater
North Shore City,Bayview
North Shore City,Waiake
North Shore City,Fairview Heights
North Shore City,Hauraki
North Shore City,Northcote Point
North Shore City,Oteha
North Shore City,Rothesay Bay
North Shore City,Schnapper Rock
North Shore City,Lucas Heights
North Shore City,Rosedale
North Shore City,Wairau Valley
North Shore City,Windsor Park
North Shore City,Narrow Neck
North Shore City,Takapuna Central
Papakura,Papakura
Papakura,Takanini
Papakura,Drury
Papakura,Opaheke
Papakura,Rosehill
Papakura,Conifer Grove
Papakura,Pahurehure
Papakura,Ardmore
Papakura,Red Hill
Rodney,Orewa
Rodney,Millwater
Rodney,Silverdale
Rodney,Wainui
Rodney,Gulf Harbour
Rodney,Warkworth
Rodney,Coatesville
Rodney,Dairy Flat
Rodney,Kumeu
Rodney,Huapai
Rodney,Kaukapakapa
Rodney,Helensville
Rodney,Stanmore Bay
Rodney,Riverhead
Rodney,Waimauku
Rodney,Red Beach
Rodney,Wellsford
Rodney,Redvale
Rodney,Albany Heights
Rodney,Manly
Rodney,Stillwater
Rodney,Matakana
Rodney,Leigh
Rodney,Snells Beach
Rodney,Puhoi
Rodney,Makarau
Rodney,Waiwera
Rodney,Taupaki
Rodney,Arkles Bay
Rodney,Hatfields Beach
Rodney,Matakatia
Rodney,Waitoki
Rodney,Algies Bay
Rodney,Mahurangi West
Rodney,Omaha
Rodney,Parakai
Rodney,Sandspit
Rodney,Army Bay
Rodney,Kaipara Flats
Rodney,Te Arai
Rodney,Tindalls Beach
Rodney,Whangaparaoa
Rodney,South Head
Rodney,Tauhoa
Rodney,Whangaripo
Rodney,Hibiscus Coast Surrounds
Rodney,Pakiri
Rodney,Point Wells
Rodney,Tawharanui Peninsula
Rodney,Muriwai Beach
Rodney,Tomarata
Rodney,Wharehine
Thames-Coromandel,Whitianga
Thames-Coromandel,Coromandel
Thames-Coromandel,Whangamata
Thames-Coromandel,Thames
Thames-Coromandel,Tairua
Thames-Coromandel,Matarangi
Thames-Coromandel,Pauanui
Thames-Coromandel,Cooks Beach
Thames-Coromandel,Kopu
Thames-Coromandel,Whangapoua
Thames-Coromandel,Hahei
Thames-Coromandel,Opito Bay
Thames-Coromandel,Tapu
Thames-Coromandel,Thames Coast
Thames-Coromandel,Whenuakite
Thames-Coromandel,Kuaotunu
Thames-Coromandel,Te Puru
Thames-Coromandel,Tuateawa
Thames-Coromandel,Colville
Thames-Coromandel,Kaimarama
Thames-Coromandel,Whiritoa
Thames-Coromandel,Matatoki
Thames-Coromandel,Onemana
Thames-Coromandel,Opoutere
Thames-Coromandel,Tararu
Thames-Coromandel,Te Mata
Thames-Coromandel,Waikawau
Thames-Coromandel,Waiomu
Waitakere City,Henderson
Waitakere City,Hobsonville
Waitakere City,Massey
Waitakere City,New Lynn
Waitakere City,Te Atatu South
Waitakere City,Glen Eden
Waitakere City,Te Atatu Peninsula
Waitakere City,Westgate
Waitakere City,Ranui
Waitakere City,West Harbour
Waitakere City,Titirangi
Waitakere City,Sunnyvale
Waitakere City,Swanson
Waitakere City,Whenuapai
Waitakere City,Glendene
Waitakere City,Kelston
Waitakere City,Green Bay
Waitakere City,Henderson Valley
Waitakere City,Herald Island
Waitakere City,Waiatarua
Waitakere City,Laingholm
Waitakere City,Oratia
Waitakere City,Waitakere
Waitakere City,Piha
Waitakere City,Bethells Beach
Waitakere City,Cornwallis
Waitakere City,Huia
Waitakere City,Royal Heights
Waipa,Cambridge
Waipa,Te Awamutu
Waipa,Kihikihi
Waipa,Pirongia
Waipa,Ngahinapouri
Waipa,Leamington
Waipa,Rukuhia
Waipa,Te Pahu
Waipa,Karamu
Waipa,Pukeatua
Waipa,Wharepuhunga
Waitomo,Te Kuiti
Waitomo,Piopio
Waitomo,Waitomo
Waitomo,Awakino
Waitomo,Benneydale
Taupo,Turangi
Taupo,Acacia Bay
Taupo,Taupo
Taupo,Hilltop
Taupo,Kinloch
Taupo,Mangakino
Taupo,Wharewaka
Taupo,Wairakei
Taupo,Nukuhau
Taupo,Waipahihi
Taupo,Hatepe
Taupo,Kuratau
Taupo,Omori
Taupo,Oruanui
Taupo,Rangatira Park
Taupo,Richmond Heights
Taupo,Five Mile Bay
Taupo,Lake Taupo
Taupo,Marotiri
Taupo,Motuoapa
Taupo,Pukawa
Taupo,Rainbow Point
Taupo,Tokaanu
Taupo,Two Mile Bay
Taupo,Waitahanui
Taupo,Waitetoko
Taupo,Whakamaru
Taupo,Whareroa
Waikato,Huntly
Waikato,Te Kauwhata
Waikato,Raglan
Waikato,Ngaruawahia
Waikato,Taupiri
Waikato,Tamahere
Waikato,Horotiu
Waikato,Meremere
Waikato,Gordonton
Waikato,Te Kowhai
Waikato,Maramarua
Waikato,Orini
Waikato,Rangiriri
Waikato,Whatawhata
Waikato,Glen Massey
Waikato,Hampton Downs
Waikato,Matangi
Waikato,Puketaha
Waikato,Tauwhare
Waikato,Waikato Surrounds
Waikato,Horsham Downs
Waikato,Pepepe
Waikato,Ruawaro
Waikato,Waerenga
Waikato,Waikokowai
South Waikato,Tokoroa
South Waikato,Putaruru
South Waikato,Tirau
South Waikato,Arapuni
South Waikato,Okoroire
Otorohanga,Otorohanga
Otorohanga,Kawhia
Otorohanga,Otorohanga Surrounds
Otorohanga,Taharoa
Hamilton City,Hamilton East
Hamilton City,Nawton
Hamilton City,Dinsdale
Hamilton City,Frankton
Hamilton City,Fairfield
Hamilton City,Flagstaff
Hamilton City,Melville
Hamilton City,Chartwell
Hamilton City,Hillcrest
Hamilton City,Hamilton Central
Hamilton City,Glenview
Hamilton City,Rototuna North
Hamilton City,Forest Lake
Hamilton City,Rototuna
Hamilton City,Enderley
Hamilton City,Beerescourt
Hamilton City,Claudelands
Hamilton City,Saint Andrews
Hamilton City,Huntington
Hamilton City,Whitiora
Hamilton City,Maeroa
Hamilton City,Harrowfield
Hamilton City,Hamilton Lake
Hamilton City,Pukete
Hamilton City,Bader
Hamilton City,Queenwood
Hamilton City,Deanwell
Hamilton City,Grandview Heights
Hamilton City,Silverdale
Hamilton City,Chedworth
Hamilton City,Fairview Downs
Hamilton City,Fitzroy
Hamilton City,Temple View
Hamilton City,Burbush
Hamilton City,Hamilton Surrounds
Hamilton City,Western Heights
Matamata-Piako,Matamata
Matamata-Piako,Morrinsville
Matamata-Piako,Te Aroha
Matamata-Piako,Waitoa
Matamata-Piako,Waharoa
Matamata-Piako,Manawaru
Matamata-Piako,Te Aroha West
Hauraki,Waihi
Hauraki,Paeroa
Hauraki,Ngatea
Hauraki,Kerepehi
Hauraki,Mangatarata
Hauraki,Kaihere
Hauraki,Netherton
Hauraki,Turua
Hauraki,Waikino
Hauraki,Waitakaruru
Kawerau,Kawerau
Kawerau,Kawerau Surrounds
Opotiki,Opotiki
Opotiki,Opotiki and Surrounds
Opotiki,Waihau Bay
Opotiki,Waiotahi
Rotorua,Ngongotaha
Rotorua,Kawaha Point
Rotorua,Owhata
Rotorua,Springfield
Rotorua,Pukehangi
Rotorua,Rotorua Central
Rotorua,Western Heights
Rotorua,Lynmore
Rotorua,Glenholme
Rotorua,Hamurana
Rotorua,Fordlands
Rotorua,Mamaku
Rotorua,Victoria
Rotorua,Fairy Springs
Rotorua,Hannahs Bay
Rotorua,Mangakakahi
Rotorua,Utuhina
Rotorua,Koutu
Rotorua,Lake Rotoma
Rotorua,Lake Tarawera
Rotorua,Ngakuru
Rotorua,Pomare
Rotorua,Sunnybrook
Rotorua,Hillcrest
Rotorua,Tikitere
Rotorua,Atiamuri
Rotorua,Fenton Park
Rotorua,Holdens Bay
Rotorua,Lake Okareka
Rotorua,Mourea
Rotorua,Okere Falls
Rotorua,Reporoa
Rotorua,Rotoiti Forest
Rotorua,Rotorua
Rotorua,Selwyn Heights
Rotorua,Tihiotonga
Tauranga,Mount Maunganui
Tauranga,Papamoa
Tauranga,Tauranga Central
Tauranga,Bethlehem
Tauranga,Pyes Pa
Tauranga,Welcome Bay
Tauranga,Otumoetai
Tauranga,Papamoa Beach
Tauranga,Matua
Tauranga,Gate Pa
Tauranga,Brookfield
Tauranga,Ohauiti
Tauranga,Bellevue
Tauranga,Avenues
Tauranga,Greerton
Tauranga,Maungatapu
Tauranga,Parkvale
Tauranga,Tauranga South
Tauranga,Hairini
Tauranga,Judea
Tauranga,Tauriko
Tauranga,Poike
Tauranga,Tauranga
Tauranga,Tauranga Surrounds
Western Bay Of Plenty,Waihi Beach
Western Bay Of Plenty,Katikati
Western Bay Of Plenty,Te Puke
Western Bay Of Plenty,Omokoroa
Western Bay Of Plenty,Te Puna
Western Bay Of Plenty,Whakamarama
Western Bay Of Plenty,Pukehina
Western Bay Of Plenty,Aongatete
Western Bay Of Plenty,Oropi
Western Bay Of Plenty,Matakana Island
Western Bay Of Plenty,Omanawa
Western Bay Of Plenty,Pongakawa
Western Bay Of Plenty,Athenree
Western Bay Of Plenty,Kauri Point
Western Bay Of Plenty,Lower Kaimai
Western Bay Of Plenty,Tahawai
Western Bay Of Plenty,Tanners Point
Whakatane,Whakatane
Whakatane,Ohope
Whakatane,Matata
Whakatane,Coastlands
Whakatane,Edgecumbe
Whakatane,Murupara
Whakatane,Otakiri
Whakatane,Awakeri
Whakatane,Galatea
Whakatane,Rotoma
Whakatane,Taneatua
Gisborne,Mangapapa
Gisborne,Te Hapara
Gisborne,Whataupoko
Gisborne,Outer Kaiti
Gisborne,Gisborne
Gisborne,Kaiti
Gisborne,Lytton West
Gisborne,Riverdale
Gisborne,Tolaga Bay
Gisborne,Elgin
Gisborne,Gisborne Central
Gisborne,Inner Kaiti
Gisborne,Makauri
Gisborne,Wainui
Gisborne,Hexton
Gisborne,Tokomaru Bay
Gisborne,Gisborne Country
Gisborne,Hicks Bay
Gisborne,Matawai
Gisborne,Matawhero
Gisborne,Matokitoki
Gisborne,Muriwai
Gisborne,Okitu
Gisborne,Otoko
Gisborne,Tamarau
Gisborne,Te Karaka
Gisborne,Tiniroto
Gisborne,Waipaoa
Hastings,Havelock North
Hastings,Flaxmere
Hastings,Mayfair
Hastings,Mahora
Hastings,Saint Leonards
Hastings,Hastings
Hastings,Akina
Hastings,Raureka
Hastings,Waimarama
Hastings,Parkvale
Hastings,Camberley
Hastings,Clive
Hastings,Crownthorpe
Hastings,Eskdale
Hastings,Frimley
Hastings,Haumoana
Hastings,Maraekakaho
Hastings,Poukawa
Hastings,Sherenden
Hastings,Fernhill
Hastings,Karamu
Hastings,Ocean Beach
Hastings,Pakipaki
Hastings,Pukahu
Hastings,Puketitiri
Hastings,Raukawa
Hastings,Roys Hill
Hastings,Tutira
Hastings,Waiwhare
Hastings,Whakatu
Central Hawkes Bay,Waipawa
Central Hawkes Bay,Waipukurau
Central Hawkes Bay,Otane
Central Hawkes Bay,Ongaonga
Central Hawkes Bay,Takapau
Central Hawkes Bay,Tikokino
Central Hawkes Bay,Waipukurau and Surrounds
Central Hawkes Bay,Elsthorpe
Central Hawkes Bay,Kairakau
Central Hawkes Bay,Ormondville
Napier City,Napier South
Napier City,Taradale
Napier City,Marewa
Napier City,Greenmeadows
Napier City,Tamatea
Napier City,Bluff Hill
Napier City,Onekawa
Napier City,Pirimai
Napier City,Maraenui
Napier City,Napier Hill
Napier City,Ahuriri
Napier City,Bay View
Napier City,Westshore
Napier City,Poraiti
Napier City,Hospital Hill
Napier City,Te Awa
Napier City,Awatoto
Napier City,Jervoistown
Napier City,Napier Central
Napier City,Napier City Surrounds
Napier City,Pandora
Napier City,Puketapu
Wairoa,Wairoa
Wairoa,Mahia
Wairoa,Morere
Wairoa,Tuai
South Taranaki,Hawera
South Taranaki,Eltham
South Taranaki,Patea
South Taranaki,Normanby
South Taranaki,Opunake
South Taranaki,Manaia
South Taranaki,Waverley
South Taranaki,Ararata
South Taranaki,Ohawe
South Taranaki,Otakeho
South Taranaki,Pungarehu
South Taranaki,Rahotu
Stratford,Stratford
Stratford,Midhirst
Stratford,Aotuhia
Stratford,Cardiff
Stratford,Huiroa
Stratford,Ngaere
New Plymouth,New Plymouth Central
New Plymouth,Inglewood
New Plymouth,Waitara
New Plymouth,Strandon
New Plymouth,New Plymouth
New Plymouth,Bell Block
New Plymouth,Frankleigh Park
New Plymouth,Mangorei
New Plymouth,Merrilands
New Plymouth,Moturoa
New Plymouth,Spotswood
New Plymouth,Vogeltown
New Plymouth,Westown
New Plymouth,Oakura
New Plymouth,Urenui
New Plymouth,Lower Vogeltown
New Plymouth,Onaero
New Plymouth,Lynmouth
New Plymouth,Marfell
New Plymouth,Whalers Gate
New Plymouth,Fitzroy
New Plymouth,Highlands Park
New Plymouth,Okato
New Plymouth,Tikorangi
New Plymouth,Blagdon
New Plymouth,Ferndale
New Plymouth,Mokau
New Plymouth,Welbourn
New Plymouth,Egmont Village
New Plymouth,Hurdon
New Plymouth,Hurworth
New Plymouth,Omata
New Plymouth,Tariki
New Plymouth,Warea
New Plymouth,Brixton
New Plymouth,Brooklands
New Plymouth,Glen Avon
New Plymouth,Motunui
New Plymouth,Pitone
New Plymouth,Tarata
New Plymouth,Upper Vogeltown
New Plymouth,Waiwhakaiho
Rangitikei,Marton
Rangitikei,Taihape
Rangitikei,Bulls
Rangitikei,Taihape and Surrounds
Rangitikei,Hunterville
Rangitikei,Turakina
Palmerston North City,Palmerston North Central
Palmerston North City,Takaro
Palmerston North City,Turitea
Palmerston North City,West End
Palmerston North City,Hokowhitu
Palmerston North City,Roslyn
Palmerston North City,Awapuni
Palmerston North City,Ashhurst
Palmerston North City,Kelvin Grove
Palmerston North City,Milson
Palmerston North City,Fitzherbert
Palmerston North City,Terrace End
Palmerston North City,Westbrook
Palmerston North City,Highbury
Palmerston North City,Palmerston North
Palmerston North City,Cloverlea
Palmerston North City,Aokautere
Palmerston North City,Longburn
Palmerston North City,Linton
Palmerston North City,Massey University
Palmerston North City,Palmerston North Surrounds
Palmerston North City,Riverdale
Palmerston North City,Tirita
Tararua,Dannevirke
Tararua,Pahiatua
Tararua,Eketahuna
Tararua,Woodville
Tararua,Norsewood
Tararua,Pongaroa
Tararua,Akitio
Tararua,Kumeroa
Tararua,Mangamutu
Tararua,Papatawa
Ruapehu,Taumarunui
Ruapehu,Ohakune
Ruapehu,Owhango
Ruapehu,National Park
Ruapehu,Ohura
Ruapehu,Raetihi
Ruapehu,Rangataua
Ruapehu,Raurimu
Ruapehu,Erua
Ruapehu,Horopito
Ruapehu,Kakahi
Ruapehu,Manunui
Ruapehu,Waimiha-Ongarue
Wanganui,Gonville
Wanganui,Springvale
Wanganui,Wanganui East
Wanganui,Wanganui Central
Wanganui,Castlecliff
Wanganui,Aramoho
Wanganui,Tawhero
Wanganui,Saint Johns Hill
Wanganui,College Estate
Wanganui,Durie Hill
Wanganui,Westmere
Wanganui,Bastia Hill
Wanganui,Fordell
Wanganui,Okoia
Wanganui,Brunswick
Wanganui,Kai Iwi
Wanganui,Mangamahu
Wanganui,Maxwell
Wanganui,Paparangi
Wanganui,Parikino
Wanganui,Whangaehu
Manawatu,Feilding
Manawatu,Bunnythorpe
Manawatu,Rongotea
Manawatu,Himatangi Beach
Manawatu,Newbury
Manawatu,Ohingaiti
Manawatu,Sanson
Manawatu,Glen Oroua
Manawatu,Halcombe
Manawatu,Kairanga
Manawatu,Kimbolton
Manawatu,Rangiotu
Manawatu,Aorangi
Manawatu,Cheltenham
Manawatu,Colyton
Manawatu,Himatangi
Manawatu,Opiki
Manawatu,Pohangina
Manawatu,Tangimoana
Manawatu,Tiakitahuna
Horowhenua,Levin
Horowhenua,Foxton
Horowhenua,Ohau
Horowhenua,Waitarere Beach
Horowhenua,Shannon
Horowhenua,Foxton Beach
Horowhenua,Manakau
Horowhenua,Tokomaru
Horowhenua,Waikawa Beach
Horowhenua,Koputaroa
Horowhenua,Waitarere
Kapiti Coast,Waikanae
Kapiti Coast,Paraparaumu
Kapiti Coast,Otaki
Kapiti Coast,Paraparaumu Beach
Kapiti Coast,Otaki Beach
Kapiti Coast,Raumati Beach
Kapiti Coast,Raumati South
Kapiti Coast,Te Horo
Kapiti Coast,Otaihanga
Kapiti Coast,Peka Peka
Kapiti Coast,Te Horo Beach
Kapiti Coast,Waikanae Beach
Kapiti Coast,Kapiti Coast Surrounds
Kapiti Coast,Paekakariki
Masterton,Masterton
Masterton,Kuripuni
Masterton,Lansdowne
Masterton,Riversdale Beach
Masterton,Homewood
Masterton,Mauriceville
Masterton,Mikimiki
Masterton,Riversdale
Masterton,Solway
Lower Hutt City,Wainuiomata
Lower Hutt City,Stokes Valley
Lower Hutt City,Naenae
Lower Hutt City,Petone
Lower Hutt City,Eastbourne
Lower Hutt City,Avalon
Lower Hutt City,Taita
Lower Hutt City,Waterloo
Lower Hutt City,Alicetown
Lower Hutt City,Central Hutt
Lower Hutt City,Kelson
Lower Hutt City,Boulcott
Lower Hutt City,Waiwhetu
Lower Hutt City,Woburn
Lower Hutt City,Belmont
Lower Hutt City,Epuni
Lower Hutt City,Fairfield
Lower Hutt City,Korokoro
Lower Hutt City,Maungaraki
Lower Hutt City,Moera
Lower Hutt City,Normandale
Lower Hutt City,Days Bay
Lower Hutt City,Harbour View
Lower Hutt City,Lower Hutt
Carterton,Carterton
Carterton,West Taratahi
Carterton,Carrington
Carterton,Clareville
Carterton,Dalefield
Carterton,Flat Point
Carterton,Gladstone
Wellington City,Te Aro
Wellington City,Wellington Central
Wellington City,Thorndon
Wellington City,Johnsonville
Wellington City,Tawa
Wellington City,Mount Cook
Wellington City,Newtown
Wellington City,Churton Park
Wellington City,Island Bay
Wellington City,Karori
Wellington City,Khandallah
Wellington City,Miramar
Wellington City,Aro Valley
Wellington City,Mount Victoria
Wellington City,Oriental Bay
Wellington City,Brooklyn
Wellington City,Hataitai
Wellington City,Ngaio
Wellington City,Crofton Downs
Wellington City,Newlands
Wellington City,Roseneath
Wellington City,Makara
Wellington City,Northland
Wellington City,Paparangi
Wellington City,Wadestown
Wellington City,Wilton
Wellington City,Berhampore
Wellington City,Kaiwharawhara
Wellington City,Ohariu
Wellington City,Strathmore Park
Wellington City,Vogeltown
Wellington City,Woodridge
Wellington City,Horokiwi
Wellington City,Kelburn
Wellington City,Kilbirnie
Wellington City,Lyall Bay
Wellington City,Maupuia
Wellington City,Owhiro Bay
Wellington City,Seatoun
Wellington City,Broadmeadows
Wellington City,Highbury
Wellington City,Kingston
Wellington City,Mornington
Wellington City,Pipitea
Wellington City,Rongotai
Wellington City,Southgate
Wellington City,Takapu Valley
Upper Hutt City,Trentham
Upper Hutt City,Timberlea
Upper Hutt City,Ebdentown
Upper Hutt City,Clouston Park
Upper Hutt City,Silverstream
Upper Hutt City,Riverstone Terraces
Upper Hutt City,Heretaunga
Upper Hutt City,Pinehaven
Upper Hutt City,Totara Park
Upper Hutt City,Brown Owl
Upper Hutt City,Te Marua
Upper Hutt City,Wallaceville
Upper Hutt City,Elderslea
Upper Hutt City,Whitemans Valley
Upper Hutt City,Birchville
Upper Hutt City,Blue Mountains
Upper Hutt City,Mangaroa
Upper Hutt City,Maoribank
Upper Hutt City,Maymorn
Upper Hutt City,Pakuratahi
Upper Hutt City,Upper Hutt
South Wairarapa,Featherston
South Wairarapa,Martinborough
South Wairarapa,Greytown
South Wairarapa,Lake Ferry
South Wairarapa,Morrisons Bush
South Wairarapa,Tauherenikau
Porirua City,Whitby
Porirua City,Pauatahanui
Porirua City,Aotea
Porirua City,Titahi Bay
Porirua City,Porirua
Porirua City,Cannons Creek
Porirua City,Ranui Heights
Porirua City,Plimmerton
Porirua City,Takapuwahia
Porirua City,Ascot Park
Porirua City,Camborne
Porirua City,Paremata
Porirua City,Pukerua Bay
Porirua City,Judgeford
Porirua City,Papakowhai
Porirua City,Waitangirua
Tasman,Richmond
Tasman,Motueka
Tasman,Takaka
Tasman,Mapua
Tasman,Brightwater
Tasman,Wakefield
Tasman,Kaiteriteri
Tasman,Upper Moutere
Tasman,Ruby Bay
Tasman,Pakawau
Tasman,Redwood Valley
Tasman,Tapawera
Tasman,Tasman
Tasman,Bronte
Tasman,Collingwood
Tasman,Hope
Tasman,Murchison
Tasman,Ngatimoti
Tasman,Riwaka
Tasman,Thorpe
Tasman,Appleby
Tasman,Best Island
Tasman,Brooklyn
Tasman,Lower Moutere
Tasman,Mahana
Tasman,Parapara
Tasman,Puramahoi
Tasman,St Arnaud
Tasman,Wai-iti
Marlborough,Blenheim Central
Marlborough,Picton
Marlborough,Springlands
Marlborough,Blenheim
Marlborough,Witherlea
Marlborough,Marlborough Sounds
Marlborough,Havelock
Marlborough,Renwick
Marlborough,Waikawa
Marlborough,Riversdale
Marlborough,Wairau Valley
Marlborough,Redwoodtown
Marlborough,Seddon
Marlborough,Rapaura
Marlborough,Riverlands
Marlborough,Canvastown
Marlborough,Mahau Sound
Marlborough,Marlborough Country
Marlborough,Okiwi Bay
Marlborough,Port Underwood
Marlborough,Ward
Marlborough,Admiralty Bay
Marlborough,Anakiwa and Surrounds
Marlborough,Blind River
Marlborough,Dillons Point
Marlborough,Double Cove
Marlborough,Endeavour Inlet
Marlborough,Hawkesbury
Marlborough,Islington
Marlborough,Kenepuru Sound
Marlborough,Koromiko
Marlborough,Linkwater
Marlborough,Lower Dashwood
Marlborough,Mahakipawa
Marlborough,Mayfield
Marlborough,Ngakuta Bay
Marlborough,Ohauparuparu Bay
Marlborough,Pelorus Sounds
Marlborough,Rarangi
Marlborough,Tennyson Inlet
Marlborough,Waikawa Bay
Marlborough,Waitaria Bay
Marlborough,Whatamango Bay
Nelson,Stoke
Nelson,Tahunanui
Nelson,Nelson City
Nelson,Britannia Heights
Nelson,The Wood
Nelson,Washington Valley
Nelson,Atawhai
Nelson,Enner Glynn
Nelson,Toi Toi
Nelson,Bishopdale
Nelson,Monaco
Nelson,Stepneyville
Nelson,Nelson South
Nelson,The Brook
Nelson,Annesbrook
Nelson,Cable Bay
Nelson,Wakatu
Nelson,Hira
Nelson,Maitai
Nelson,Marybank
Nelson,Moana
Nelson,Todds Valley
Kaikoura,Kaikoura
Kaikoura,Kaikoura Flat
Kaikoura,South Bay
Kaikoura,Mangamaunu
Kaikoura,Peketa
Grey,Greymouth
Grey,Greymouth Surrounds
Grey,Barrytown
Grey,Dobson
Grey,Moana
Grey,Blaketown
Grey,Cobden
Grey,Karoro
Grey,Lake Brunner
Grey,Rutherglen
Grey,Ngahere
Grey,Ahaura
Grey,Dunollie
Grey,Gladstone
Grey,Kaiata
Grey,Marsden
Grey,Paroa
Buller,Westport
Buller,Karamea
Buller,Reefton
Buller,Charleston
Buller,Buller Surrounds
Buller,Cape Foulwind
Buller,Carters Beach
Buller,Westport Surrounds
Buller,Punakaiki
Buller,Hector
Buller,Seddonville
Buller,Stockton
Buller,Waimangaroa
Buller,Granity
Buller,Mokihinui
Buller,Fox River
Buller,Inangahua
Buller,Little Wanganui
Westland,Hokitika
Westland,Franz Josef
Westland,Kaniere
Westland,Ross
Westland,Fox Glacier
Westland,Haast
Westland,Harihari
Westland,Westland Surrounds
Westland,Franz Josef Glacier
Westland,Okarito
Westland,Whataroa
Westland,Kumara
Westland,Bruce Bay
Westland,Kokatahi
Westland,Kumara Junction
Waimakariri,Rangiora
Waimakariri,Kaiapoi
Waimakariri,Oxford
Waimakariri,Pegasus
Waimakariri,Woodend
Waimakariri,Loburn
Waimakariri,Fernside
Waimakariri,Swannanoa
Waimakariri,Waikuku Beach
Waimakariri,West Eyreton
Waimakariri,Clarkville
Waimakariri,Cust
Waimakariri,Flaxton
Waimakariri,Ohoka
Waimakariri,Okuku
Waimakariri,Sefton
Waimakariri,Ashley
Waimakariri,Burnt Hill
Waimakariri,Coopers Creek
Waimakariri,Eyrewell Forest
Waimakariri,Tuahiwi
Waimakariri,View Hill
Waimate,Waimate
Waimate,Saint Andrews
Timaru,Timaru
Timaru,Geraldine
Timaru,Claremont
Timaru,Gleniti
Timaru,Temuka
Timaru,Highfield
Timaru,Seaview
Timaru,Parkside
Timaru,Watlington
Timaru,Waimataitai
Timaru,Levels
Timaru,Glenwood
Timaru,Maori Hill
Timaru,Marchwiel
Timaru,Pleasant Point
Timaru,Timaru Surrounds
Timaru,West End
Timaru,Kensington
Timaru,Oceanview
Timaru,Orari
Timaru,Pareora
Timaru,Rosewill
Timaru,Winchester
Timaru,Fairview
Timaru,Hadlow
Timaru,Washdyke
Timaru,Woodbury
Timaru,Clandeboye
Timaru,Geraldine Downs
Timaru,Kakahu
Timaru,Kerrytown
Selwyn,Rolleston
Selwyn,Lincoln
Selwyn,Darfield
Selwyn,West Melton
Selwyn,Leeston
Selwyn,Tai Tapu
Selwyn,Prebbleton
Selwyn,Windwhistle
Selwyn,Kirwee
Selwyn,Springston
Selwyn,Arthur's Pass
Selwyn,Doyleston
Selwyn,Dunsandel
Selwyn,Hororata
Selwyn,Sheffield
Selwyn,Southbridge
Selwyn,Burnham
Selwyn,Castle Hill
Selwyn,Craigieburn
Selwyn,Glentunnel
Selwyn,Greenpark
Selwyn,Lake Coleridge
Selwyn,Springfield
Banks Peninsula,Akaroa
Banks Peninsula,Lyttelton
Banks Peninsula,Governors Bay
Banks Peninsula,Diamond Harbour
Banks Peninsula,Wainui
Banks Peninsula,Little River
Banks Peninsula,Charteris Bay
Banks Peninsula,Duvauchelle
Banks Peninsula,Robinsons Bay
Banks Peninsula,Birdlings Flat
Banks Peninsula,Le Bons Bay
Banks Peninsula,Lyttelton Harbour
Banks Peninsula,Port Levy
Banks Peninsula,Purau
Banks Peninsula,Takamatua
Ashburton,Ashburton
Ashburton,Tinwald
Ashburton,Allenton
Ashburton,Methven
Ashburton,Rakaia
Ashburton,Hampstead
Ashburton,Huntingdon/Lake Hood
Ashburton,Netherby
Ashburton,Hinds
Ashburton,Mount Somers
Ashburton,Ashburton Surrounds
Ashburton,Elgin
Ashburton,Mayfield
Christchurch City,Christchurch Central
Christchurch City,Saint Albans
Christchurch City,Linwood
Christchurch City,Fendalton
Christchurch City,Riccarton
Christchurch City,Halswell
Christchurch City,Avonhead
Christchurch City,Sydenham
Christchurch City,Merivale
Christchurch City,New Brighton
Christchurch City,Woolston
Christchurch City,Spreydon
Christchurch City,Bishopdale
Christchurch City,Burnside
Christchurch City,Addington
Christchurch City,Burwood
Christchurch City,Northwood
Christchurch City,Redwood
Christchurch City,Cashmere
Christchurch City,Papanui
Christchurch City,Russley
Christchurch City,Hoon Hay
Christchurch City,Dallington
Christchurch City,Avondale
Christchurch City,Hornby
Christchurch City,Marshland
Christchurch City,North New Brighton
Christchurch City,Shirley
Christchurch City,Aranui
Christchurch City,Ilam
Christchurch City,Northcote
Christchurch City,Parklands
Christchurch City,Phillipstown
Christchurch City,Richmond
Christchurch City,Somerfield
Christchurch City,Yaldhurst
Christchurch City,Bryndwr
Christchurch City,Casebrook
Christchurch City,Mairehau
Christchurch City,Mount Pleasant
Christchurch City,Redcliffs
Christchurch City,Upper Riccarton
Christchurch City,Waltham
Christchurch City,Edgeware
Christchurch City,Sockburn
Christchurch City,South New Brighton
Christchurch City,Wainoni
Christchurch City,Belfast
Christchurch City,Bromley
Christchurch City,Huntsbury
Christchurch City,Sumner
Christchurch City,Templeton
Christchurch City,Aidanfield - Christchurch
Christchurch City,Hei Hei
Christchurch City,Wigram
Christchurch City,Beckenham
Christchurch City,Harewood
Christchurch City,Saint Martins
Christchurch City,Strowan
Christchurch City,Avonside
Christchurch City,Hillsborough
Christchurch City,Kennedys Bush
Christchurch City,Southshore
Christchurch City,Broomfield
Christchurch City,Islington
Christchurch City,Richmond Hill
Christchurch City,Westmorland
Christchurch City,Brooklands
Christchurch City,Cracroft
Christchurch City,Ferrymead
Christchurch City,Hillmorton
Christchurch City,Kainga
Christchurch City,Middleton
Christchurch City,Murray Aynsley
Christchurch City,Scarborough
Christchurch City,Spencerville
Christchurch City,Waimairi Beach
Hurunui,Hanmer Springs
Hurunui,Amberley
Hurunui,Waipara
Hurunui,Cheviot
Hurunui,Leithfield
Hurunui,Motunau
Hurunui,Hawarden
Hurunui,Lyford
Hurunui,Waiau
Hurunui,Rotherham
Hurunui,Waikari
Hurunui,Amberley Beach
Hurunui,Balcairn
Hurunui,Culverden
Hurunui,Greta Valley
Hurunui,Hurunui
Mackenzie,Twizel
Mackenzie,Lake Tekapo
Mackenzie,Fairlie
Mackenzie,Burkes Pass
Clutha,Balclutha
Clutha,Milton
Clutha,Lawrence
Clutha,Kaitangata
Clutha,Taieri Beach
Clutha,Waihola
Clutha,Kaka Point
Clutha,Milburn
Clutha,Owaka
Clutha,Waitahuna
Clutha,Clydevale
Clutha,Finegand
Clutha,Stirling
Clutha,Taieri Mouth
Clutha,Tapanui
Clutha,Toko Mouth
Dunedin City,Mosgiel
Dunedin City,Dunedin Central
Dunedin City,Saint Kilda
Dunedin City,North East Valley
Dunedin City,Green Island
Dunedin City,Karitane
Dunedin City,South Dunedin
Dunedin City,Waikouaiti
Dunedin City,Andersons Bay
Dunedin City,Musselburgh
Dunedin City,Saint Clair
Dunedin City,Concord
Dunedin City,Roslyn
Dunedin City,Maori Hill
Dunedin City,Mornington
Dunedin City,Opoho
Dunedin City,Saint Leonards
Dunedin City,Belleknowes
Dunedin City,Caversham
Dunedin City,Fairfield
Dunedin City,Halfway Bush
Dunedin City,Kenmure
Dunedin City,Maia
Dunedin City,North Dunedin
Dunedin City,Waitati
Dunedin City,Wakari
Dunedin City,Abbotsford
Dunedin City,Brockville
Dunedin City,Kaikorai
Dunedin City,Lookout Point
Dunedin City,Macandrew Bay
Dunedin City,Middlemarch
Dunedin City,Outram
Dunedin City,Waverley
Dunedin City,Woodhaugh
Dunedin City,Bradford
Dunedin City,Careys Bay
Dunedin City,Clyde Hill
Dunedin City,Corstorphine
Dunedin City,Dalmore
Dunedin City,Glenleith
Dunedin City,Liberton
Dunedin City,Normanby
Dunedin City,Port Chalmers
Dunedin City,Roseneath
Dunedin City,Shiel Hill
Dunedin City,Waldronville
Dunedin City,Warrington
Dunedin City,Allanton
Dunedin City,Balaclava
Dunedin City,Brighton
Dunedin City,Calton Hill
Dunedin City,Clarks Junction
Dunedin City,East Otago
Dunedin City,East Taieri
Dunedin City,Forbury
Dunedin City,Glenross
Dunedin City,Helensburgh
Dunedin City,Kensington
Dunedin City,Kew
Dunedin City,Maryhill
Dunedin City,Ngapuna
Dunedin City,Ocean View
Dunedin City,Otakou
Dunedin City,Portobello
Dunedin City,Purakaunui
Dunedin City,Ravensbourne
Dunedin City,Riverside
Dunedin City,Saddle Hill
Dunedin City,Sawyers Bay
Dunedin City,Tainui
Dunedin City,The Glen
Dunedin City,Vauxhall
Dunedin City,Wingatui
Central Otago,Cromwell
Central Otago,Alexandra
Central Otago,Roxburgh
Central Otago,Ranfurly
Central Otago,Clyde
Central Otago,Bannockburn
Central Otago,Mount Pisa
Central Otago,Naseby
Central Otago,Omakau
Central Otago,Queensberry
Central Otago,Central Otago Surrounds
Central Otago,Earnscleugh
Central Otago,Roxburgh East
Central Otago,Tarras
Central Otago,Bendigo
Central Otago,Cambrians
Central Otago,Ettrick
Central Otago,Kokonga
Central Otago,Lauder
Central Otago,Letts Gully
Central Otago,Ophir
Central Otago,Patearoa
Central Otago,Saint Bathans
Central Otago,Springvale
Central Otago,Waikerikeri
Waitaki,Oamaru
Waitaki,Weston
Waitaki,Oamaru North
Waitaki,Palmerston
Waitaki,Omarama
Waitaki,Hampden
Waitaki,Otematata
Waitaki,Duntroon
Waitaki,Kakanui
Waitaki,Kurow
Waitaki,Totara
Waitaki,Herbert
Waitaki,Moeraki
Waitaki,Enfield
Waitaki,Holmes Hill
Waitaki,Maheno
Waitaki,North Otago Surrounds
Waitaki,Ohau
Waitaki,Alma
Waitaki,Deborah
Waitaki,Green Valley
Waitaki,Ngapara
Waitaki,Waianakarua
Waitaki,Waitaki Bridge
Southland,Te Anau
Southland,Riverton
Southland,Winton
Southland,Stewart Island
Southland,Tuatapere
Southland,Lumsden
Southland,Nightcaps
Southland,Edendale
Southland,Manapouri
Southland,Otautau
Southland,Athol
Southland,Garston
Southland,Wyndham
Southland,Balfour
Southland,Centre Bush
Southland,Colac Bay
Southland,Fortrose
Southland,Glenham
Southland,Lochiel
Southland,Longwood
Southland,Mossburn
Southland,Ohai
Southland,Orepuki
Southland,Slope Point
Southland,Thomsons Crossing
Southland,Winton & Surrounds
Southland,Winton Surrounds
Southland,Woodlands
Gore,Gore
Gore,Mataura
Gore,Whiterigg
Gore,Charlton
Gore,East Gore
Gore,Gore Surrounds
Gore,Kaiwera
Gore,Riversdale
Gore,Waikaka
Gore,Waimumu
Gore,Wendon Valley
Invercargill City,Otatara
Invercargill City,Invercargill
Invercargill City,Windsor
Invercargill City,Richmond
Invercargill City,Strathern
Invercargill City,Bluff
Invercargill City,Appleby
Invercargill City,Georgetown
Invercargill City,Makarewa
Invercargill City,Kingswell
Invercargill City,Gladstone
Invercargill City,Glengarry
Invercargill City,Grasmere
Invercargill City,Waikiwi
Invercargill City,Waverley
Invercargill City,Heidelberg
Invercargill City,Invercargill Surrounds
Invercargill City,Myross Bush
Invercargill City,Waihopai
Invercargill City,Hargest
Invercargill City,Lorneville
Invercargill City,Newfield
Invercargill City,Avenal
Invercargill City,Clifton
Invercargill City,Hawthorndale
Invercargill City,Rosedale
Invercargill City,Roslyn Bush
Invercargill City,Ryal Bush
Invercargill City,Tisbury
Invercargill City,Turnbull Thomson Park
Invercargill City,West Plains
Hauraki Gulf Islands,Kawau Island
Hauraki Gulf Islands,Great Barrier Island
Hauraki Gulf Islands,Rakino Island
Hauraki Gulf Islands,Other Islands
Hauraki Gulf Islands,Pakatoa Island
Queenstown,Queenstown
Queenstown,Frankton
Queenstown,Arrowtown
Queenstown,Glenorchy
Queenstown,Fernhill
Queenstown,Jacks Point
Queenstown,Kingston
Queenstown,Lake Hayes
Queenstown,Queenstown Hill
Queenstown,Kelvin Heights
Queenstown,Dalefield/Wakatipu Basin
Queenstown,Gibbston
Queenstown,Dalefield
Queenstown,Hawea
Queenstown,Lower Shotover
Queenstown,Closeburn
Queenstown,Lake Hayes Estate
Queenstown,Arthurs Point
Queenstown,Crown Terrace
Queenstown,Halfway Bay
Queenstown,Arrow Junction
Queenstown,Cardrona
Queenstown,Kawarau Falls
Queenstown,Sunshine Bay
Wanaka,Wanaka
Wanaka,Albert Town
Wanaka,Lake Hawea
Wanaka,Wanaka Surrounds
Wanaka,Cardrona
Fiji,Fiji
Fiji,Vanua Levu
